<?xml version="1.0" encoding="UTF-8"?>
<project-private xmlns="http://www.netbeans.org/ns/project-private/1">
    <editor-bookmarks xmlns="http://www.netbeans.org/ns/editor-bookmarks/2" lastBookmarkId="0"/>
    <open-files xmlns="http://www.netbeans.org/ns/projectui-open-files/2">
        <group>
            <file>file:/C:/Users/HP/Desktop/oopdbproj/OOp%20project/src/Login.java</file>
            <file>file:/C:/Users/HP/Desktop/oopdbproj/OOp%20project/src/Course.java</file>
            <file>file:/C:/Users/HP/Desktop/oopdbproj/OOp%20project/src/Program.java</file>
            <file>file:/C:/Users/HP/Desktop/oopdbproj/OOp%20project/src/Home.java</file>
            <file>file:/C:/Users/HP/Desktop/oopdbproj/OOp%20project/src/Student.java</file>
            <file>file:/C:/Users/HP/Desktop/oopdbproj/OOp%20project/src/LoadScreen.java</file>
            <file>file:/C:/Users/HP/Desktop/oopdbproj/OOp%20project/src/Departments.java</file>
            <file>file:/C:/Users/HP/Desktop/oopdbproj/OOp%20project/src/Faculty.java</file>
            <file>file:/C:/Users/HP/Desktop/oopdbproj/OOp%20project/src/Salaries.java</file>
        </group>
    </open-files>
</project-private>
